identifiant;anneepose;commune;insee;source;gid;lon;lat
;;Lyon 5e Arrondissement;69385;Open Street Map;1167;4,8158951;45,75745870001736
;;Lyon 1er Arrondissement;69381;Open Street Map;1169;4,823911799999999;45,76939520001734
;;Lyon 1er Arrondissement;69381;Open Street Map;1170;4,823783199999999;45,76933320001734
;;Rillieux-la-Pape;69286;Commune de Rillieux-la-Pape;1175;4,9039873480796805;45,81179224586844
;;Rillieux-la-Pape;69286;Commune de Rillieux-la-Pape;1176;4,903088808059695;45,81992184377507
;;Rillieux-la-Pape;69286;Commune de Rillieux-la-Pape;1177;4,909349083900452;45,822690169469844
;;Rillieux-la-Pape;69286;Commune de Rillieux-la-Pape;1178;4,9022331833839425;45,81448946909064
;;Rillieux-la-Pape;69286;Commune de Rillieux-la-Pape;1179;4,89336311817169;45,81695382517523
;;Rillieux-la-Pape;69286;Commune de Rillieux-la-Pape;1180;4,904676675796507;45,81826564254466
;;Lyon 3e Arrondissement;69383;Open Street Map;1181;4,849330600000001;45,76067610001736
;;Meyzieu;69282;Open Street Map;1182;4,990311200000001;45,79213360001728
;;Lyon 8e Arrondissement;69388;Open Street Map;1562;4,860160599999999;45,7471057000174
;;La Tour-de-Salvagny;69250;Open Street Map;572;4,712501799999998;45,81288310001721
G16410;;Lyon 3e Arrondissement;69383;Métropole de Lyon;573;4,887164850051097;45,74939723049626
G201075;;Neuville-sur-Saône;69143;Métropole de Lyon;574;4,840553321940607;45,875766343301514
G63756;2002;Corbas;69273;Métropole de Lyon;575;4,895274138223556;45,66490196630403
G15335;2001;Lyon 3e Arrondissement;69383;Métropole de Lyon;576;4,865370603123961;45,75718907161272
;;Lyon 8e Arrondissement;69388;Open Street Map;1563;4,8604441000000005;45,748644100017415
;;Saint-Priest;69290;Open Street Map;578;4,896345899999999;45,70336260001753
;;Saint-Priest;69290;Open Street Map;579;4,962565399999999;45,69304930001756
;;Lyon 6e Arrondissement;69386;Open Street Map;580;4,8565348;45,77160150001735
G18200;;Lyon 4e Arrondissement;69384;Métropole de Lyon;581;4,836152304954317;45,77765906145408
G201055;;Lyon 6e Arrondissement;69386;Métropole de Lyon;582;4,841047168983638;45,76707674301218
;;Lyon 5e Arrondissement;69385;Open Street Map;583;4,8141449;45,76098430001736
;;Lyon 3e Arrondissement;69383;Open Street Map;1564;4,8668367;45,753546400017385
G63079;;Lyon 3e Arrondissement;69383;Métropole de Lyon;585;4,845350989805302;45,75589831533142
;;Corbas;69273;Open Street Map;1565;4,907062299999998;45,654189100017675
;;Saint-Genis-Laval;69204;Open Street Map;1566;4,787392700000002;45,6841865000176
;;Écully;69081;Open Street Map;588;4,776828600000002;45,77207370001733
;;Lyon 2e Arrondissement;69382;Open Street Map;1567;4,817466799999999;45,73749950001743
;;Lyon 8e Arrondissement;69388;Open Street Map;591;4,8544669;45,73784930001743
;;Villeurbanne;69266;Open Street Map;592;4,876965800000001;45,765183700017346
;;Lyon 3e Arrondissement;69383;Open Street Map;1569;4,862087000000001;45,75520240001738
;;Lyon 5e Arrondissement;69385;Open Street Map;594;4,815267200000002;45,76326460001735
;;Lyon 4e Arrondissement;69384;Open Street Map;595;4,830718700000001;45,775274800017336
G15211;;Lyon 3e Arrondissement;69383;Métropole de Lyon;596;4,8655414234315835;45,75157810221506
;;Givors;69091;Open Street Map;597;4,7747576;45,58633250001786
;;Lyon 6e Arrondissement;69386;Open Street Map;598;4,856959399999999;45,7823908000173
;;Chassieu;69271;Open Street Map;599;4,954957400000001;45,74629580001741
G57859;2002;Lyon 1er Arrondissement;69381;Métropole de Lyon;600;4,834081605931168;45,770527673481084
;;Lyon 7e Arrondissement;69387;Open Street Map;601;4,8226635;45,73126450001747
;;Caluire-et-Cuire;69034;Commune de Caluire-et-Cuire;602;4,848706047762979;45,79440947323528
;;Sainte-Foy-lès-Lyon;69202;Open Street Map;603;4,7798581;45,733602500017454
;;Villeurbanne;69266;Open Street Map;1570;4,868035;45,7823361000173
;;Oullins;69149;Open Street Map;605;4,805540700000001;45,714828100017506
;;Lyon 7e Arrondissement;69387;Open Street Map;606;4,854921100000002;45,741970000017425
;;Saint-Priest;69290;Open Street Map;607;4,901246200000001;45,705642600017505
;;Saint-Genis-Laval;69204;Open Street Map;608;4,7926391;45,694724200017575
;;Villeurbanne;69266;Open Street Map;1571;4,8679383;45,7825293000173
;;Lyon 3e Arrondissement;69383;Open Street Map;1572;4,8870351;45,748950800017404
;;Sainte-Foy-lès-Lyon;69202;Open Street Map;611;4,8039618;45,74123010001743
G201071;;Lyon 5e Arrondissement;69385;Métropole de Lyon;612;4,797212363867125;45,75625885222463
G16388;;Lyon 3e Arrondissement;69383;Métropole de Lyon;613;4,883603845679101;45,748571071513076
;;Villeurbanne;69266;Open Street Map;1573;4,868144;45,78207840001732
;;Vaulx-en-Velin;69256;Open Street Map;615;4,940553900000001;45,79894090001725
;;Caluire-et-Cuire;69034;Commune de Caluire-et-Cuire;616;4,823685829057519;45,79195532985958
;;Sathonay-Camp;69292;Commune de Sathonay-Camp;1574;4,866561159036688;45,82974751817043
;;Lyon 9e Arrondissement;69389;Open Street Map;618;4,816781400000002;45,79026400001729
;;Saint-Genis-Laval;69204;Open Street Map;619;4,7865398;45,70141920001754
;;Sathonay-Camp;69292;Commune de Sathonay-Camp;1575;4,87503668065147;45,824415915537955
G9739;;Bron;69029;Métropole de Lyon;621;4,909659657201499;45,735361146608234
;;Mions;69283;Open Street Map;622;4,9697667;45,66129120001765
G13697;;Décines-Charpieu;69275;Métropole de Lyon;623;4,965171303155628;45,76288596093213
;;Lyon 2e Arrondissement;69382;Open Street Map;624;4,815157100000001;45,74288710001742
;;Sathonay-Camp;69292;Commune de Sathonay-Camp;1576;4,8766338324881;45,827535439295794
;;Sathonay-Camp;69292;Commune de Sathonay-Camp;1577;4,875628572838259;45,82761737875462
G10225;1998;Lyon 2e Arrondissement;69382;Métropole de Lyon;625;4,827117155030618;45,75398164179276
G63754;;Saint-Priest;69290;Métropole de Lyon;626;4,942967863505805;45,69912360104992
G4279;1999;Lyon 2e Arrondissement;69382;Métropole de Lyon;627;4,834123730673371;45,76488315473451
;;Caluire-et-Cuire;69034;Commune de Caluire-et-Cuire;628;4,847270900333;45,79149360046863
;;Neuville-sur-Saône;69143;Open Street Map;629;4,8390493999999995;45,87750780001703
;;Sathonay-Camp;69292;Commune de Sathonay-Camp;1578;4,866622880456665;45,82890080976612
;;Sathonay-Camp;69292;Commune de Sathonay-Camp;1579;4,872395080038808;45,82203921619553
G10143;1995;Lyon 2e Arrondissement;69382;Métropole de Lyon;632;4,831516308142182;45,761042654361844
;;Sathonay-Camp;69292;Commune de Sathonay-Camp;1580;4,872624559318474;45,822834363578245
;;Caluire-et-Cuire;69034;Commune de Caluire-et-Cuire;634;4,845922361739865;45,794978928443015
;;Vénissieux;69259;Open Street Map;635;4,897904099999999;45,71479050001749
G63755;;Saint-Priest;69290;Métropole de Lyon;636;4,9773053829824985;45,70650256924253
G201061;;Lyon 1er Arrondissement;69381;Métropole de Lyon;637;4,833459045473326;45,76764351538237
;;Sathonay-Camp;69292;Commune de Sathonay-Camp;1581;4,870370952059903;45,82447159317576
;;Lyon 6e Arrondissement;69386;Open Street Map;639;4,852580000000001;45,77765630001732
;;Lyon 7e Arrondissement;69387;Open Street Map;640;4,822487099999999;45,724637100017475
;;Vaulx-en-Velin;69256;Commune de Vaulx-en-Velin;641;4,9188979748930235;45,787990881897166
G201084;;Bron;69029;Métropole de Lyon;642;4,909984082345186;45,73389069909314
G16177;;Lyon 3e Arrondissement;69383;Métropole de Lyon;643;4,880660988131092;45,74804419502797
;;Sainte-Foy-lès-Lyon;69202;Open Street Map;644;4,779022400000001;45,72620310001748
G9719;;Bron;69029;Métropole de Lyon;645;4,919586713462136;45,74211535145119
G60049;;Saint-Genis-Laval;69204;Métropole de Lyon;647;4,7848422916845905;45,678629661743095
;;Corbas;69273;Open Street Map;648;4,9005179;45,67528210001761
G199578;;Décines-Charpieu;69275;Métropole de Lyon;649;4,981979087336596;45,76987075245772
G61214;2014;Lyon 2e Arrondissement;69382;Métropole de Lyon;650;4,818339069621656;45,731066546473144
;;Vénissieux;69259;Open Street Map;651;4,894700300000002;45,7163531000175
G201081;;Bron;69029;Métropole de Lyon;652;4,916957502355783;45,73720738622094
G60193;2013;Craponne;69069;Métropole de Lyon;653;4,7239366433307195;45,74437128018775
;;Saint-Genis-Laval;69204;Open Street Map;654;4,787714599999999;45,70068540001753
;;Lyon 3e Arrondissement;69383;Open Street Map;655;4,845870299999998;45,75770830001737
G57251;;Lyon 7e Arrondissement;69387;Métropole de Lyon;656;4,8376697792469585;45,746804003299495
;;Écully;69081;Open Street Map;658;4,773486000000001;45,76877790001735
G60126;;Tassin-la-Demi-Lune;69244;Métropole de Lyon;660;4,757873064493221;45,76001830019874
G199892;2016;Sainte-Foy-lès-Lyon;69202;Métropole de Lyon;663;4,805830448988986;45,747593852395305
;;Saint-Genis-Laval;69204;Open Street Map;664;4,8047054000000005;45,69423240001756
G13885;;Décines-Charpieu;69275;Métropole de Lyon;665;4,956325434784933;45,76896768244961
;;Saint-Priest;69290;Open Street Map;666;4,9344582;45,703491500017535
G18365;1992;Lyon 4e Arrondissement;69384;Métropole de Lyon;667;4,832674530345168;45,77606574561399
;;Chassieu;69271;Open Street Map;668;4,9788220999999995;45,74958890001741
;;Caluire-et-Cuire;69034;Commune de Caluire-et-Cuire;671;4,839028599780649;45,789939300207806
;;La Tour-de-Salvagny;69250;Open Street Map;674;4,7197846;45,804598200017246
;;Saint-Priest;69290;Open Street Map;675;4,937872699999998;45,696692500017555
;;Saint-Fons;69199;Open Street Map;676;4,855208199999998;45,70395460001754
;;Lyon 7e Arrondissement;69387;Open Street Map;677;4,8353147000000005;45,73802860001744
;;Vénissieux;69259;Open Street Map;678;4,8972997;45,714990200017496
;;Saint-Priest;69290;Open Street Map;679;4,941049300000001;45,698324500017556
;;Saint-Didier-au-Mont-d'Or;69194;Open Street Map;681;4,797118300000001;45,81149610001722
;;Vaulx-en-Velin;69256;Commune de Vaulx-en-Velin;685;4,922763888564195;45,77758459093135
;;Villeurbanne;69266;Open Street Map;686;4,8706375999999985;45,78246960001731
;;Genay;69278;Open Street Map;687;4,8271728;45,89590210001698
;;Lyon 2e Arrondissement;69382;Open Street Map;688;4,816307300000002;45,745177900017424
;;Lyon 3e Arrondissement;69383;Open Street Map;690;4,8676587;45,7516377000174
G8527;;Lyon 7e Arrondissement;69387;Métropole de Lyon;691;4,836965345020386;45,74339493831297
;;Villeurbanne;69266;Open Street Map;692;4,895452500000001;45,76027990001736
G57399;2001;Lyon 4e Arrondissement;69384;Métropole de Lyon;693;4,834457801033037;45,776740378727865
;;Albigny-sur-Saône;69003;Open Street Map;694;4,834625799999998;45,865801100017066
;;Lyon 1er Arrondissement;69381;Open Street Map;695;4,821305000000001;45,76879300001734
;;Lyon 7e Arrondissement;69387;Open Street Map;696;4,828102999999999;45,74204920001741
;;Caluire-et-Cuire;69034;Commune de Caluire-et-Cuire;697;4,868104436529418;45,8020018346002
G54901;1994;Lyon 1er Arrondissement;69381;Métropole de Lyon;698;4,831741051661482;45,76803020228931
G201074;;Lyon 9e Arrondissement;69389;Métropole de Lyon;699;4,808412215041464;45,78050185550594
G897;;Lyon 7e Arrondissement;69387;Métropole de Lyon;700;4,838485331357436;45,75258975553404
G14989;;Lyon 3e Arrondissement;69383;Métropole de Lyon;701;4,857467392942419;45,75526119478026
;;Tassin-la-Demi-Lune;69244;Open Street Map;702;4,781565999999998;45,757178500017375
;;Villeurbanne;69266;Open Street Map;703;4,895244000000001;45,76169110001735
;;Saint-Priest;69290;Open Street Map;704;4,9413466;45,695644600017566
;;Vénissieux;69259;Open Street Map;706;4,900004700000002;45,71897650001748
;;Villeurbanne;69266;Open Street Map;708;4,861034899999999;45,77713790001732
G4015;;Saint-Fons;69199;Métropole de Lyon;709;4,856474811673322;45,70716089628574
G6670;;Lyon 8e Arrondissement;69388;Métropole de Lyon;711;4,870625929922426;45,74406944033272
;;Vénissieux;69259;Open Street Map;714;4,893199500000001;45,718412700017495
;;Chassieu;69271;Open Street Map;715;4,969725599999999;45,73592910001744
G61143;2014;Lyon 2e Arrondissement;69382;Métropole de Lyon;718;4,818944186073078;45,73343669707793
;;Lyon 4e Arrondissement;69384;Open Street Map;719;4,826483399999999;45,774545800017336
;;Marcy-l'Étoile;69127;Open Street Map;721;4,7181605;45,78488030001729
G199885;2006;Villeurbanne;69266;Métropole de Lyon;725;4,88014794896517;45,76632783165274
G201058;;Écully;69081;Métropole de Lyon;726;4,78055255556797;45,774258670300725
;;Caluire-et-Cuire;69034;Commune de Caluire-et-Cuire;727;4,85578399302816;45,78891405169679
G200802;;Solaize;69296;Métropole de Lyon;728;4,840684838028467;45,639540881104274
G201112;;Lyon 2e Arrondissement;69382;Métropole de Lyon;729;4,8300735807831385;45,75996946732618
;;Villeurbanne;69266;Open Street Map;730;4,876834499999999;45,76319970001737
;;Caluire-et-Cuire;69034;Commune de Caluire-et-Cuire;731;4,840356154446211;45,793174309743115
;;Lyon 3e Arrondissement;69383;Open Street Map;732;4,8811898;45,75197710001739
G60140;;Sainte-Foy-lès-Lyon;69202;Métropole de Lyon;733;4,8053327952755955;45,736385687128795
G63762;;Curis-au-Mont-d'Or;69071;Métropole de Lyon;734;4,820113273099257;45,869413672499014
;;Lyon 7e Arrondissement;69387;Open Street Map;736;4,825156400000001;45,72123170001748
;;Lyon 9e Arrondissement;69389;Open Street Map;737;4,801678300000001;45,773179500017335
;;Givors;69091;Open Street Map;738;4,775741099999999;45,58360850001787
;;La Tour-de-Salvagny;69250;Open Street Map;739;4,713032199999998;45,81365100001722
G19013;;Lyon 9e Arrondissement;69389;Métropole de Lyon;741;4,811308398020483;45,771906492238244
;;Saint-Priest;69290;Open Street Map;742;4,9348375;45,70260320001753
G201054;;Vénissieux;69259;Métropole de Lyon;743;4,885891841006395;45,71751108142389
G63764;2013;Saint-Priest;69290;Métropole de Lyon;744;4,901335813298176;45,705420708213936
;;Corbas;69273;Open Street Map;745;4,897171199999998;45,67268780001763
;;Caluire-et-Cuire;69034;Commune de Caluire-et-Cuire;746;4,840952868161287;45,79731360067461
;;Tassin-la-Demi-Lune;69244;Open Street Map;747;4,7667535;45,76277310001737
G21776;2000;Sainte-Foy-lès-Lyon;69202;Métropole de Lyon;748;4,804285017567736;45,73536405868377
;;Vénissieux;69259;Open Street Map;753;4,897436300000001;45,716805300017484
;;Lyon 4e Arrondissement;69384;Open Street Map;754;4,8203172;45,7811677000173
G200576;2017;Vaulx-en-Velin;69256;Métropole de Lyon;757;4,924055905636424;45,752890503758664
;;Villeurbanne;69266;Open Street Map;758;4,883226200000001;45,78089760001732
G15619;1991;Lyon 5e Arrondissement;69385;Métropole de Lyon;762;4,8259468345455465;45,75879122893737
;;Marcy-l'Étoile;69127;Open Street Map;763;4,7297340000000005;45,78428950001731
;;Lyon 7e Arrondissement;69387;Open Street Map;765;4,821709999999999;45,724546900017465
G199709;;Grigny;69096;Métropole de Lyon;766;4,780805796299747;45,603920645090646
;;Saint-Didier-au-Mont-d'Or;69194;Open Street Map;767;4,793592199999999;45,83208860001716
;;Vaulx-en-Velin;69256;Commune de Vaulx-en-Velin;768;4,924950308023491;45,761184865780166
;;Lyon 7e Arrondissement;69387;Open Street Map;770;4,8218101;45,72428160001745
;;Grigny;69096;Open Street Map;771;4,800462900000001;45,61399100001779
;;Bron;69029;Open Street Map;772;4,9138424;45,72171470001747
G60135;;Sainte-Foy-lès-Lyon;69202;Métropole de Lyon;773;4,79740675046656;45,735598982456246
G201135;;Chassieu;69271;Métropole de Lyon;774;4,97792090501678;45,74600924932307
;;Saint-Genis-les-Ollières;69205;Open Street Map;775;4,723090200000001;45,756764200017386
;;Feyzin;69276;Open Street Map;777;4,876027100000001;45,67587040001761
;;Lyon 7e Arrondissement;69387;Open Street Map;778;4,856273800000002;45,74203790001742
;;Saint-Genis-Laval;69204;Open Street Map;779;4,7870833;45,70225390001753
;;Tassin-la-Demi-Lune;69244;Open Street Map;782;4,776153700000002;45,76082310001739
G60186;2012;Vénissieux;69259;Métropole de Lyon;783;4,870692122614896;45,69444548188577
G60198;2012;Vénissieux;69259;Métropole de Lyon;784;4,871651990605322;45,69516419484673
;;Curis-au-Mont-d'Or;69071;Open Street Map;785;4,819259199999999;45,872718500017044
;;Villeurbanne;69266;Open Street Map;788;4,8636992999999995;45,77998820001731
;;Saint-Cyr-au-Mont-d'Or;69191;Open Street Map;789;4,817097100000001;45,81422400001723
;;Tassin-la-Demi-Lune;69244;Open Street Map;790;4,7776873;45,761678300017365
;;Saint-Priest;69290;Open Street Map;791;4,9007559999999994;45,70501400001752
;;Saint-Genis-les-Ollières;69205;Open Street Map;792;4,7260702;45,75740230001738
G56592;;Lyon 9e Arrondissement;69389;Métropole de Lyon;793;4,79463480351002;45,77938027299354
G60194;2013;Craponne;69069;Métropole de Lyon;794;4,724018588047883;45,74430262872011
;;Jonage;69279;Open Street Map;795;5,037423799999999;45,79609660001725
;;Charbonnières-les-Bains;69044;Open Street Map;797;4,741565300000001;45,777984500017325
;;Lyon 4e Arrondissement;69384;Open Street Map;798;4,8192872;45,783144800017325
G201137;;Chassieu;69271;Métropole de Lyon;799;4,976948308018826;45,744263391153545
;;Saint-Priest;69290;Open Street Map;800;4,9435298;45,69105160001757
;;Fleurieu-sur-Saône;69085;Open Street Map;801;4,8455843000000005;45,86317030001706
;;Vaulx-en-Velin;69256;Open Street Map;802;4,935229500000001;45,80239490001726
;;Marcy-l'Étoile;69127;Open Street Map;805;4,727617;45,7876159000173
;;Chassieu;69271;Open Street Map;806;4,966089000000001;45,750295200017405
G201546;;Villeurbanne;69266;Métropole de Lyon;807;4,905752610619968;45,764510755797374
;;Vénissieux;69259;Open Street Map;808;4,8942875;45,72042270001748
;;Feyzin;69276;Open Street Map;809;4,858995200000001;45,682865900017596
;;Vaulx-en-Velin;69256;Open Street Map;810;4,932795600000002;45,80022840001726
G63753;2009;Feyzin;69276;Métropole de Lyon;811;4,855368485720043;45,666359474480814
;;Villeurbanne;69266;Open Street Map;812;4,866224100000001;45,77354460001733
;;Villeurbanne;69266;Open Street Map;813;4,876360600000001;45,765162800017364
G201060;;Limonest;69116;Métropole de Lyon;814;4,7715782733318886;45,83571928875104
G201076;;Poleymieux-au-Mont-d'Or;69153;Métropole de Lyon;816;4,807902334333231;45,85640351152301
G201052;;Saint-Priest;69290;Métropole de Lyon;818;4,935852225901137;45,694296816442694
;;Lyon 7e Arrondissement;69387;Open Street Map;823;4,8385709000000015;45,75259130001739
;;Lyon 8e Arrondissement;69388;Open Street Map;824;4,852516899999999;45,738751500017436
;;Caluire-et-Cuire;69034;Commune de Caluire-et-Cuire;825;4,84238369938473;45,79319914362393
G6004;;Vénissieux;69259;Métropole de Lyon;826;4,883882005849212;45,699917532789186
;;Lyon 9e Arrondissement;69389;Open Street Map;827;4,813225000000001;45,792003700017275
;;Lyon 9e Arrondissement;69389;Open Street Map;828;4,8038018000000005;45,77924810001732
;;Lyon 7e Arrondissement;69387;Open Street Map;829;4,853720299999999;45,74522580001742
;;Vaulx-en-Velin;69256;Commune de Vaulx-en-Velin;830;4,917568042874334;45,77749518273187
;;Saint-Cyr-au-Mont-d'Or;69191;Open Street Map;831;4,820129099999999;45,8230062000172
;;Saint-Didier-au-Mont-d'Or;69194;Open Street Map;833;4,798148800000001;45,807729500017246
;;Lyon 4e Arrondissement;69384;Open Street Map;834;4,820661899999999;45,783010500017326
;;Bron;69029;Open Street Map;835;4,898825600000001;45,72347100001748
;;Givors;69091;Open Street Map;836;4,775719399999999;45,58395380001788
G59902;2011;Lyon 2e Arrondissement;69382;Métropole de Lyon;837;4,815077500853158;45,74279889574517
G63758;;Saint-Priest;69290;Métropole de Lyon;838;4,93749773911923;45,690634537321486
G63763;;Saint-Romain-au-Mont-d'Or;69233;Métropole de Lyon;841;4,822962322475932;45,83710747957022
;;Vénissieux;69259;Open Street Map;842;4,903265500000001;45,721735400017494
G9150;;Lyon 2e Arrondissement;69382;Métropole de Lyon;843;4,8316410892913835;45,75500259523428
G57446;1995;Lyon 6e Arrondissement;69386;Métropole de Lyon;845;4,852288297654766;45,785011050318914
;;Saint-Priest;69290;Open Street Map;847;4,9588278;45,693796800017566
;;Lyon 7e Arrondissement;69387;Open Street Map;849;4,825198100000001;45,72206810001749
;;Saint-Genis-Laval;69204;Open Street Map;851;4,7881964;45,701566800017545
;;Vénissieux;69259;Open Street Map;854;4,904488000000001;45,717594700017486
G201063;;Lyon 2e Arrondissement;69382;Métropole de Lyon;855;4,833771955765612;45,7606794332739
G200212;2016;Sainte-Foy-lès-Lyon;69202;Métropole de Lyon;856;4,803660339151855;45,7334631477535
;;Lyon 2e Arrondissement;69382;Open Street Map;857;4,825502999999999;45,7474515000174
;;Vernaison;69260;Open Street Map;858;4,8147261;45,64745520001769
G200686;;Villeurbanne;69266;Métropole de Lyon;859;4,914635314432673;45,751406878374844
;;Lyon 4e Arrondissement;69384;Open Street Map;860;4,819300999999999;45,782107900017316
G201127;2016;Lyon 7e Arrondissement;69387;Métropole de Lyon;861;4,834300798115895;45,7408801711656
G63757;2005;Feyzin;69276;Métropole de Lyon;862;4,860483836290015;45,67322486927326
;;Lyon 3e Arrondissement;69383;Open Street Map;863;4,872340999999999;45,74820390001742
;;Vaulx-en-Velin;69256;Open Street Map;866;4,9365309;45,80025510001726
;;Vénissieux;69259;Open Street Map;867;4,8931466;45,718386000017496
;;Villeurbanne;69266;Open Street Map;871;4,888527899999999;45,76491560001736
G8047;;Saint-Genis-Laval;69204;Métropole de Lyon;872;4,794543041802145;45,69448442883331
G201072;;Lyon 5e Arrondissement;69385;Métropole de Lyon;873;4,812940695597316;45,75816815651342
G14725;;Lyon 3e Arrondissement;69383;Métropole de Lyon;874;4,849987140727411;45,761288503772214
;;Bron;69029;Open Street Map;877;4,8952266;45,73250870001745
G201165;;Cailloux-sur-Fontaines;69033;Métropole de Lyon;879;4,872440798524444;45,8522655562801
;;Lyon 7e Arrondissement;69387;Open Street Map;880;4,825455800000002;45,723820300017486
;;Sainte-Foy-lès-Lyon;69202;Open Street Map;881;4,7919497;45,742873300017415
;;Lyon 2e Arrondissement;69382;Open Street Map;883;4,819444499999998;45,736728800017445
;;Villeurbanne;69266;Open Street Map;884;4,8626496;45,77420490001733
;;Lyon 9e Arrondissement;69389;Open Street Map;886;4,808855900000001;45,781768900017326
;;Oullins;69149;Open Street Map;887;4,805212400000001;45,71524370001751
G201073;;Lyon 9e Arrondissement;69389;Métropole de Lyon;888;4,833761552844005;45,79977628623533
G19695;1997;Lyon 4e Arrondissement;69384;Métropole de Lyon;889;4,823630689079182;45,777210764040845
;;Saint-Priest;69290;Open Street Map;890;4,940876399999999;45,69368580001756
;;Lyon 7e Arrondissement;69387;Open Street Map;894;4,8258375;45,721209900017485
;;Lyon 8e Arrondissement;69388;Open Street Map;895;4,857726100000001;45,73998490001744
G4131;;Oullins;69149;Métropole de Lyon;896;4,817551357041021;45,718079810297525
G201059;;La Mulatière;69142;Métropole de Lyon;897;4,816374695726094;45,72594821816183
;;Neuville-sur-Saône;69143;Open Street Map;898;4,838958300000001;45,877890100017034
G57655;1995;Lyon 6e Arrondissement;69386;Métropole de Lyon;899;4,854037326034674;45,78541764503725
;;Lyon 2e Arrondissement;69382;Open Street Map;900;4,833838600000001;45,76057960001737
G599;2020;Lyon 2e Arrondissement;69382;Métropole de Lyon;902;4,822818015376742;45,743151033071825
;;Marcy-l'Étoile;69127;Open Street Map;903;4,7302556;45,78623740001729
;;Saint-Priest;69290;Open Street Map;904;4,941397499999999;45,68692160001758
;;Oullins;69149;Open Street Map;905;4,8055787;45,71270300001749
G201065;;Lyon 2e Arrondissement;69382;Métropole de Lyon;906;4,835672519757407;45,75602411888438
;;Marcy-l'Étoile;69127;Open Street Map;908;4,7236698000000015;45,7847606000173
G54785;;Lyon 1er Arrondissement;69381;Métropole de Lyon;909;4,829810747736267;45,7684414273996
;;Lyon 7e Arrondissement;69387;Open Street Map;914;4,849537299999999;45,75288430001739
;;Villeurbanne;69266;Open Street Map;915;4,861248;45,77704510001733
;;Villeurbanne;69266;Open Street Map;916;4,9077603000000005;45,75484980001739
;;Vaulx-en-Velin;69256;Commune de Vaulx-en-Velin;918;4,911292553302875;45,78291696705179
G10272;;Lyon 2e Arrondissement;69382;Métropole de Lyon;921;4,834142395922729;45,76117144248945
;;Lyon 5e Arrondissement;69385;Open Street Map;922;4,7962484000000005;45,76217670001738
;;Villeurbanne;69266;Open Street Map;923;4,8810659;45,76133260001736
;;Saint-Priest;69290;Open Street Map;924;4,935944;45,69668400001754
;;La Tour-de-Salvagny;69250;Open Street Map;925;4,7156308000000005;45,814254000017215
;;Lyon 8e Arrondissement;69388;Open Street Map;926;4,8567962;45,735966900017445
;;Villeurbanne;69266;Open Street Map;927;4,8621955;45,77498200001734
;;Vaulx-en-Velin;69256;Open Street Map;928;4,948871699999999;45,798279300017256
;;Lyon 7e Arrondissement;69387;Open Street Map;931;4,8555201000000014;45,741993200017426
;;Saint-Genis-Laval;69204;Open Street Map;932;4,787916100000001;45,70089820001754
;;Vénissieux;69259;Open Street Map;934;4,899762499999998;45,7137452000175
G16044;1996;Lyon 1er Arrondissement;69381;Métropole de Lyon;935;4,836872209315927;45,766624546049044
;;Vaulx-en-Velin;69256;Commune de Vaulx-en-Velin;936;4,927062951942278;45,7862842158013
G57766;;Vénissieux;69259;Métropole de Lyon;937;4,872248539330988;45,6898765598818
;;Lyon 5e Arrondissement;69385;Open Street Map;938;4,828341899999998;45,76433490001736
;;La Tour-de-Salvagny;69250;Open Street Map;939;4,722016900000001;45,805076900017234
;;Lyon 8e Arrondissement;69388;Open Street Map;940;4,879614599999999;45,73790550001743
G201134;;Vénissieux;69259;Métropole de Lyon;941;4,896172821562317;45,69656586115331
G6094;;Lyon 1er Arrondissement;69381;Métropole de Lyon;945;4,827868230249545;45,7738765319337
;;Lyon 7e Arrondissement;69387;Open Street Map;949;4,8321301000000005;45,73490130001745
;;Saint-Priest;69290;Open Street Map;950;4,943795000000001;45,697536700017544
;;Sainte-Foy-lès-Lyon;69202;Open Street Map;951;4,797277599999999;45,73570030001745
G63760;;Curis-au-Mont-d'Or;69071;Métropole de Lyon;952;4,818726096538773;45,868707978997726
G13118;;Jonage;69279;Métropole de Lyon;955;5,047627665838897;45,796539216163474
;;Lyon 3e Arrondissement;69383;Open Street Map;958;4,863279599999999;45,76179450001736
G18782;;Lyon 4e Arrondissement;69384;Métropole de Lyon;960;4,835991272292725;45,77952127783518
;;Saint-Priest;69290;Open Street Map;961;4,963675499999999;45,69469180001756
;;Vénissieux;69259;Open Street Map;963;4,8858221;45,69798110001754
;;Lyon 7e Arrondissement;69387;Open Street Map;964;4,8217658000000005;45,72282780001747
G9847;;Lyon 3e Arrondissement;69383;Métropole de Lyon;966;4,85494424980982;45,752485912921166
G19983;;Lyon 4e Arrondissement;69384;Métropole de Lyon;967;4,822469956133616;45,77342211234428
;;Feyzin;69276;Open Street Map;968;4,8663164000000005;45,66970670001763
;;Lyon 7e Arrondissement;69387;Open Street Map;969;4,823565900000002;45,723368800017475
G21546;;Lyon 3e Arrondissement;69383;Métropole de Lyon;971;4,893360706105863;45,75229741855573
;;Tassin-la-Demi-Lune;69244;Open Street Map;972;4,7677885;45,75716610001738
;;Vaulx-en-Velin;69256;Commune de Vaulx-en-Velin;973;4,919661942167111;45,77675364187101
;;Lyon 9e Arrondissement;69389;Open Street Map;975;4,795677099999999;45,77211190001733
;;Saint-Cyr-au-Mont-d'Or;69191;Open Street Map;976;4,8192687;45,81430360001722
;;Vaulx-en-Velin;69256;Open Street Map;977;4,9214521000000016;45,766369500017355
;;Villeurbanne;69266;Open Street Map;980;4,862656900000001;45,78142160001731
G201066;;Lyon 4e Arrondissement;69384;Métropole de Lyon;981;4,830403777795378;45,7750642109773
;;Villeurbanne;69266;Open Street Map;982;4,8938792;45,75585600001739
G57442;2001;Lyon 3e Arrondissement;69383;Métropole de Lyon;984;4,845646629285941;45,75683179353988
;;Lyon 7e Arrondissement;69387;Open Street Map;985;4,822798699999998;45,721106600017485
;;Vaulx-en-Velin;69256;Open Street Map;986;4,940877500000001;45,79864600001727
;;Lyon 2e Arrondissement;69382;Open Street Map;987;4,8226322999999995;45,74293470001742
;;Lyon 7e Arrondissement;69387;Open Street Map;988;4,825329700000001;45,720879000017476
;;Saint-Priest;69290;Open Street Map;989;4,941240999999999;45,695012100017564
;;Vénissieux;69259;Open Street Map;990;4,8960734;45,716884400017506
G201069;;Lyon 5e Arrondissement;69385;Métropole de Lyon;991;4,812416699030529;45,76148468803608
G60061;;Francheville;69089;Métropole de Lyon;992;4,77156149965541;45,7381930816932
;;Lyon 7e Arrondissement;69387;Open Street Map;993;4,856589100000001;45,74386130001743
G18095;;Lyon 4e Arrondissement;69384;Métropole de Lyon;994;4,839970547203121;45,7772126355564
;;La Tour-de-Salvagny;69250;Open Street Map;995;4,722763900000001;45,80212630001724
G57441;2001;Lyon 3e Arrondissement;69383;Métropole de Lyon;996;4,845074920252971;45,75681829692866
;;Charly;69046;Open Street Map;999;4,794829699999999;45,65166590001768
;;Lyon 5e Arrondissement;69385;Open Street Map;1001;4,786788499999998;45,75537390001738
;;Lyon 3e Arrondissement;69383;Open Street Map;1002;4,8406618;45,75642380001739
G63765;2012;Feyzin;69276;Métropole de Lyon;1003;4,876127172305879;45,67344207517571
G201149;;Lyon 8e Arrondissement;69388;Métropole de Lyon;1004;4,85382175733379;45,73431530528958
G201143;2018;Lyon 3e Arrondissement;69383;Métropole de Lyon;1005;4,862300947775235;45,760799061117226
;;Sainte-Foy-lès-Lyon;69202;Open Street Map;1009;4,778845499999999;45,72539760001749
;;Neuville-sur-Saône;69143;Open Street Map;1010;4,839636100000001;45,87644250001704
;;Lyon 4e Arrondissement;69384;Open Street Map;1011;4,8202083;45,78211450001731
G59588;2009;Lyon 2e Arrondissement;69382;Métropole de Lyon;1012;4,825504204394562;45,74736036002104
;;Saint-Priest;69290;Open Street Map;1014;4,9340898;45,69340710001756
G6429;;Lyon 1er Arrondissement;69381;Métropole de Lyon;1016;4,8263461301237145;45,77387027920081
;;Lyon 5e Arrondissement;69385;Open Street Map;1019;4,8237079;45,762261000017375
;;La Tour-de-Salvagny;69250;Open Street Map;1020;4,7123878;45,813234100017226
;;Caluire-et-Cuire;69034;Commune de Caluire-et-Cuire;1021;4,855197199549683;45,80315499969148
G19780;;Lyon 9e Arrondissement;69389;Métropole de Lyon;1023;4,816213386148408;45,766707860323756
G57070;2000;Sainte-Foy-lès-Lyon;69202;Métropole de Lyon;1024;4,780429584276593;45,73271052526737
;;Marcy-l'Étoile;69127;Open Street Map;1025;4,718120500000001;45,7848590000173
;;Vénissieux;69259;Open Street Map;1026;4,895091899999999;45,720306300017505
;;Saint-Priest;69290;Open Street Map;1028;4,962797200000001;45,693551200017566
G18204;;Lyon 4e Arrondissement;69384;Métropole de Lyon;1029;4,837127557625958;45,77762874232696
;;Givors;69091;Open Street Map;1031;4,7913353999999995;45,571821100017914
;;Villeurbanne;69266;Open Street Map;1032;4,883533399999999;45,75900030001736
G6079;;Lyon 1er Arrondissement;69381;Métropole de Lyon;1033;4,825703067180908;45,77198228319866
;;Saint-Priest;69290;Open Street Map;1034;4,936013300000001;45,68870770001759
;;Francheville;69089;Open Street Map;1035;4,770057900000002;45,74859800001741
;;Caluire-et-Cuire;69034;Commune de Caluire-et-Cuire;1036;4,8545945915572215;45,78836043451471
G16119;1995;Lyon 1er Arrondissement;69381;Métropole de Lyon;1037;4,827163980457923;45,7688843765466
;;Lyon 2e Arrondissement;69382;Open Street Map;1038;4,8148977;45,74350420001743
;;Sainte-Foy-lès-Lyon;69202;Open Street Map;1040;4,780179099999999;45,733581100017446
;;Lyon 4e Arrondissement;69384;Open Street Map;1042;4,8192465;45,781408400017305
;;Marcy-l'Étoile;69127;Open Street Map;1043;4,713961599999998;45,7886439000173
G2261;;Lyon 2e Arrondissement;69382;Métropole de Lyon;1044;4,831318533431718;45,75743388075571
;;Lyon 1er Arrondissement;69381;Open Street Map;1045;4,820808200000001;45,77174050001733
;;Caluire-et-Cuire;69034;Commune de Caluire-et-Cuire;1046;4,860490730301764;45,8105201043203
;;Lyon 8e Arrondissement;69388;Open Street Map;1047;4,8547203;45,739219600017435
;;Lyon 9e Arrondissement;69389;Open Street Map;1048;4,7966865;45,76381060001736
;;Lyon 7e Arrondissement;69387;Open Street Map;1049;4,824120599999999;45,734719300017446
;;Lyon 8e Arrondissement;69388;Open Street Map;1050;4,8851543;45,73208080001746
G59751;;Lyon 3e Arrondissement;69383;Métropole de Lyon;1051;4,8405015096791635;45,756410236915876
G809;;Lyon 7e Arrondissement;69387;Métropole de Lyon;1053;4,841755526312914;45,75251174537024
;;Lyon 8e Arrondissement;69388;Open Street Map;1054;4,857035700000001;45,740159300017424
G60408;2013;Lyon 5e Arrondissement;69385;Métropole de Lyon;1055;4,828738266013359;45,76546853972064
;;Lyon 6e Arrondissement;69386;Open Street Map;1056;4,845726899999999;45,77717430001732
G201342;;Lyon 4e Arrondissement;69384;Métropole de Lyon;1057;4,834914548335153;45,775057270720765
;;Vaulx-en-Velin;69256;Commune de Vaulx-en-Velin;1058;4,919252589933577;45,787613411727605
G201080;;Bron;69029;Métropole de Lyon;1059;4,918488118701823;45,745244529711826
G6570;;Lyon 1er Arrondissement;69381;Métropole de Lyon;1060;4,832386520156112;45,76659138976427
G57652;;Bron;69029;Métropole de Lyon;1062;4,901130374198731;45,7314366867831
G19463;;Lyon 4e Arrondissement;69384;Métropole de Lyon;1063;4,829893361556214;45,77760425793167
;;Lyon 7e Arrondissement;69387;Open Street Map;1064;4,824213500000001;45,72064970001749
;;Montanay;69284;Open Street Map;1065;4,870742699999999;45,88217590001703
G19399;;Lyon 4e Arrondissement;69384;Métropole de Lyon;1066;4,8290127081713345;45,77611214625371
;;Lyon 2e Arrondissement;69382;Open Street Map;1067;4,822497799999999;45,75059130001739
G201203;;Meyzieu;69282;Métropole de Lyon;1068;5,010646940779641;45,76042868208996
;;Feyzin;69276;Open Street Map;1069;4,849936900000001;45,665967300017634
G4092;;Saint-Fons;69199;Métropole de Lyon;1070;4,8573363579116755;45,70816664554536
;;Francheville;69089;Open Street Map;1071;4,773766500000001;45,73806850001743
;;La Tour-de-Salvagny;69250;Open Street Map;1072;4,7132306999999996;45,813080300017226
;;Lyon 8e Arrondissement;69388;Open Street Map;1073;4,853367200000002;45,73817030001744
;;Lyon 8e Arrondissement;69388;Open Street Map;1074;4,8777246000000005;45,73034630001745
G201079;;Vaulx-en-Velin;69256;Métropole de Lyon;1075;4,93034229980215;45,759023479635246
G7919;;Lyon 8e Arrondissement;69388;Métropole de Lyon;1076;4,878127631409963;45,72736764297623
G13954;1996;Décines-Charpieu;69275;Métropole de Lyon;1077;4,957624777005969;45,769077912952774
G201136;;Chassieu;69271;Métropole de Lyon;1080;4,9762594885591245;45,744581472565564
G17080;1999;Lyon 5e Arrondissement;69385;Métropole de Lyon;1081;4,82143542605359;45,762318800014995
G201092;;Lyon 2e Arrondissement;69382;Métropole de Lyon;1082;4,8204115310929785;45,74109118360793
;;Vaulx-en-Velin;69256;Commune de Vaulx-en-Velin;1083;4,921921298700384;45,779685341342265
;;Lyon 5e Arrondissement;69385;Open Street Map;1084;4,820906099999999;45,75961930001737
G21184;;Lyon 6e Arrondissement;69386;Métropole de Lyon;1087;4,842035240633865;45,76882119345922
G15513;2014;Lyon 5e Arrondissement;69385;Métropole de Lyon;1088;4,823912175812113;45,755474181363375
G63766;;Saint-Priest;69290;Métropole de Lyon;1089;4,9376072588231255;45,69128106799237
;;Lyon 7e Arrondissement;69387;Open Street Map;1091;4,8249294;45,732494200017435
G199389;2014;Bron;69029;Métropole de Lyon;1092;4,9199655411041885;45,747039398588825
G58674;2005;Lyon 3e Arrondissement;69383;Métropole de Lyon;1093;4,845182277936338;45,763188446640754
G15349;;Lyon 3e Arrondissement;69383;Métropole de Lyon;1094;4,864620950941092;45,756964743861545
G200053;2012;Lyon 6e Arrondissement;69386;Métropole de Lyon;1095;4,8579029565075285;45,76713784490497
;;Vaulx-en-Velin;69256;Commune de Vaulx-en-Velin;1097;4,927344385743848;45,78732313707569
G201057;;Caluire-et-Cuire;69034;Métropole de Lyon;1098;4,82801583799634;45,794702330058385
;;Lyon 9e Arrondissement;69389;Open Street Map;1099;4,8092022000000005;45,782190100017296
;;Caluire-et-Cuire;69034;Commune de Caluire-et-Cuire;1100;4,847251359287739;45,79039171397966
;;Marcy-l'Étoile;69127;Open Street Map;1101;4,7294257;45,7862460000173
;;Charbonnières-les-Bains;69044;Open Street Map;1102;4,7357328999999995;45,7842670000173
G2778;;Lyon 7e Arrondissement;69387;Métropole de Lyon;1103;4,840290828125125;45,73949745108412
G63761;;Curis-au-Mont-d'Or;69071;Métropole de Lyon;1105;4,82244730818913;45,869871654819214
;;Lyon 9e Arrondissement;69389;Open Street Map;1106;4,796081400000001;45,77147490001734
G4014;;Saint-Fons;69199;Métropole de Lyon;1107;4,8565295368440875;45,70640424726667
;;Lyon 4e Arrondissement;69384;Open Street Map;1109;4,831726300000001;45,78063550001732
;;Lyon 5e Arrondissement;69385;Open Street Map;1110;4,8141307;45,76280210001737
G201070;;Lyon 5e Arrondissement;69385;Métropole de Lyon;1111;4,828932677144405;45,761619547142665
G15089;;Lyon 5e Arrondissement;69385;Métropole de Lyon;1112;4,786921084736226;45,755366065939995
G11726;;Lyon 3e Arrondissement;69383;Métropole de Lyon;1113;4,84116132235899;45,7602163732177
;;Oullins;69149;Open Street Map;1115;4,8024766;45,71285550001751
;;Saint-Priest;69290;Open Street Map;1116;4,940984600000002;45,69155710001758
A10209885;;Lissieu;69117;Métropole de Lyon;1117;4,742624599403431;45,86507300790116
;;Vaulx-en-Velin;69256;Commune de Vaulx-en-Velin;1119;4,9181623665271195;45,78783182297956
G201224;;Fontaines-sur-Saône;69088;Métropole de Lyon;1120;4,847534424700785;45,83266257329895
;;Vaulx-en-Velin;69256;Commune de Vaulx-en-Velin;1121;4,924731824215803;45,75903283017626
G57210;;Lyon 3e Arrondissement;69383;Métropole de Lyon;1122;4,848381133139228;45,76018057703452
G201067;;Lyon 4e Arrondissement;69384;Métropole de Lyon;1123;4,836070292568895;45,77996758263415
G59185;2008;Lyon 7e Arrondissement;69387;Métropole de Lyon;1124;4,828041937973469;45,741964305946226
G59916;2006;Villeurbanne;69266;Métropole de Lyon;1125;4,879086481831284;45,76628173417178
G19307;;Lyon 4e Arrondissement;69384;Métropole de Lyon;1126;4,828043898607237;45,77516586400227
;;Lyon 4e Arrondissement;69384;Open Street Map;1127;4,817815400000001;45,77510180001733
;;Poleymieux-au-Mont-d'Or;69153;Open Street Map;1128;4,8040546;45,85988410001709
G199893;2016;Sainte-Foy-lès-Lyon;69202;Métropole de Lyon;1130;4,804875225745748;45,747559783068304
;;Grigny;69096;Open Street Map;1131;4,779377300000001;45,608332600017796
;;La Tour-de-Salvagny;69250;Open Street Map;1132;4,721211200000001;45,806549100017236
;;Lyon 5e Arrondissement;69385;Open Street Map;1133;4,815544;45,75914340001738
;;Marcy-l'Étoile;69127;Open Street Map;1134;4,727590900000001;45,787473500017285
;;Vaulx-en-Velin;69256;Open Street Map;1135;4,9485090000000005;45,795557500017274
;;Vénissieux;69259;Open Street Map;1136;4,895426500000002;45,71667940001749
;;Lyon 4e Arrondissement;69384;Open Street Map;1137;4,817861700000001;45,78200760001731
;;Villeurbanne;69266;Open Street Map;1140;4,899058300000002;45,76549150001735
G11627;;Lyon 3e Arrondissement;69383;Métropole de Lyon;1141;4,849297933023199;45,756855210192434
;;Villeurbanne;69266;Open Street Map;1142;4,860316999999998;45,77688250001732
G59225;;Lyon 3e Arrondissement;69383;Métropole de Lyon;1143;4,885918455315359;45,753999436820706
G21521;1997;Lyon 3e Arrondissement;69383;Métropole de Lyon;1144;4,885814067985512;45,749993945011596
;;Lyon 8e Arrondissement;69388;Open Street Map;1145;4,8556288;45,74002410001742
;;Marcy-l'Étoile;69127;Open Street Map;1146;4,712308999999999;45,78944340001729
G18438;;Lyon 4e Arrondissement;69384;Métropole de Lyon;1150;4,830384705183045;45,77477723176017
G6258;1988;Lyon 1er Arrondissement;69381;Métropole de Lyon;1151;4,8344484639948515;45,772541942523475
;;Sainte-Foy-lès-Lyon;69202;Open Street Map;1152;4,803830400000001;45,73355940001745
;;Sathonay-Camp;69292;Open Street Map;1153;4,870388999999999;45,82436230001717
G201204;;Lyon 6e Arrondissement;69386;Métropole de Lyon;1154;4,84190512705156;45,77310640866591
;;Vénissieux;69259;Open Street Map;1155;4,904685899999998;45,71770500001749
;;Villeurbanne;69266;Open Street Map;1156;4,918121800000001;45,76680170001735
G5945;;Lyon 1er Arrondissement;69381;Métropole de Lyon;1157;4,828006001970688;45,7685450467886
G201077;;Décines-Charpieu;69275;Métropole de Lyon;1159;4,947464625862209;45,76931787206453
G19301;;Lyon 4e Arrondissement;69384;Métropole de Lyon;1160;4,829510992654303;45,775517055322865
G201068;;Lyon 4e Arrondissement;69384;Métropole de Lyon;1162;4,834734292538036;45,777953916590555
;;Bron;69029;Open Street Map;1164;4,913370700000001;45,723657700017476
;;Lyon 7e Arrondissement;69387;Open Street Map;1185;4,851601500000002;45,745971500017404
;;Saint-Priest;69290;Open Street Map;1188;4,964278500000002;45,69536580001754
;;Villeurbanne;69266;Open Street Map;1189;4,870288599999999;45,771201600017335
;;Lyon 3e Arrondissement;69383;Open Street Map;1191;4,861099599999999;45,76043270001737
;;Bron;69029;Open Street Map;1192;4,898749899999999;45,7490009000174
;;Albigny-sur-Saône;69003;Open Street Map;1195;4,832485000000001;45,863559800017065
;;Lyon 3e Arrondissement;69383;Open Street Map;1196;4,861335800000001;45,76042170001737
;;Lyon 3e Arrondissement;69383;Open Street Map;1197;4,853286300000001;45,75709710001737
;;Villeurbanne;69266;Open Street Map;1198;4,919748200000001;45,76052530001735
;;Oullins;69149;Open Street Map;1199;4,8090292;45,7104199000175
;;Villeurbanne;69266;Open Street Map;1200;4,888588599999999;45,76929800001735
;;Villeurbanne;69266;Open Street Map;1201;4,916655499999999;45,7547398000174
;;Saint-Priest;69290;Open Street Map;1202;4,9299075000000006;45,69625240001755
;;Lyon 9e Arrondissement;69389;Open Street Map;1203;4,8345705;45,80329190001724
;;Saint-Priest;69290;Open Street Map;1204;4,900126200000001;45,70653290001753
;;Lyon 2e Arrondissement;69382;Open Street Map;1206;4,825633099999999;45,74853260001741
;;Pierre-Bénite;69152;Open Street Map;1207;4,819598000000001;45,70388490001752
;;Villeurbanne;69266;Open Street Map;1209;4,8742294;45,776253200017315
;;Saint-Priest;69290;Open Street Map;1211;4,948253599999998;45,68982340001757
;;Oullins;69149;Open Street Map;1212;4,806200200000002;45,71266380001752
;;Oullins;69149;Open Street Map;1213;4,808692599999999;45,719302700017494
;;Villeurbanne;69266;Open Street Map;1214;4,864014799999999;45,78101560001732
;;Vénissieux;69259;Open Street Map;1219;4,896472799999998;45,7195802000175
;;Vénissieux;69259;Open Street Map;1221;4,8942808;45,720373200017484
;;Meyzieu;69282;Commune de Meyzieu;1224;5,009978000000002;45,76393400001736
;;Meyzieu;69282;Commune de Meyzieu;1228;4,999721999999999;45,764519000017366
;;Meyzieu;69282;Commune de Meyzieu;1229;4,993270999999999;45,760184000017375
;;Meyzieu;69282;Commune de Meyzieu;1231;4,992553000000001;45,789235000017285
;;Meyzieu;69282;Commune de Meyzieu;1232;5,023034;45,7573430000174
;;Meyzieu;69282;Commune de Meyzieu;1233;5,024635999999998;45,75803000001738
;;Meyzieu;69282;Commune de Meyzieu;1234;5,025672999999999;45,757623000017375
;;Meyzieu;69282;Commune de Meyzieu;1238;5,0127939999999995;45,76547800001736
;;Meyzieu;69282;Commune de Meyzieu;1239;5,008506000000001;45,77827500001733
;;Meyzieu;69282;Commune de Meyzieu;1240;5,023683000000002;45,75819100001737
;;Meyzieu;69282;Commune de Meyzieu;1241;5,024538;45,75845000001738
;;Meyzieu;69282;Commune de Meyzieu;1243;4,991456;45,79379800001727
;;Meyzieu;69282;Commune de Meyzieu;1245;5,025426000000001;45,757092000017394
;;Meyzieu;69282;Commune de Meyzieu;1248;4,998640000000001;45,77148500001733
;;Meyzieu;69282;Commune de Meyzieu;1255;5,010989;45,78642400001728
;;Meyzieu;69282;Commune de Meyzieu;1262;5,025353999999999;45,75802400001738
;;Sainte-Foy-lès-Lyon;69202;Open Street Map;1263;4,803195399999998;45,74190370001743
;;Meyzieu;69282;Commune de Meyzieu;1264;5,0080360000000015;45,76602600001734
;;Meyzieu;69282;Commune de Meyzieu;1268;5,013636999999998;45,75990100001737
;;Vénissieux;69259;Commune de Vénissieux;1270;4,880753391806115;45,690915139476076
;;Vénissieux;69259;Commune de Vénissieux;1271;4,879108263170114;45,68960871790698
;;Vénissieux;69259;Commune de Vénissieux;1272;4,885665830853925;45,6980880443594
;;Vénissieux;69259;Commune de Vénissieux;1273;4,871352871280889;45,70031206638093
;;Vénissieux;69259;Commune de Vénissieux;1274;4,854590162083699;45,7247018812586
;;Vénissieux;69259;Commune de Vénissieux;1276;4,8633960855791205;45,72524398385421
;;Vénissieux;69259;Commune de Vénissieux;1277;4,884186758750781;45,70473027755276
;;Vénissieux;69259;Commune de Vénissieux;1278;4,884357446568891;45,69778703984563
;;Lyon 6e Arrondissement;69386;Open Street Map;1279;4,8525589;45,76645620001734
;;Vénissieux;69259;Commune de Vénissieux;1280;4,8851678151093765;45,69933600005408
;;Vénissieux;69259;Commune de Vénissieux;1281;4,883207219703868;45,70496807072064
;;Vénissieux;69259;Commune de Vénissieux;1282;4,8704465515582225;45,70534565676256
;;Vénissieux;69259;Commune de Vénissieux;1283;4,879436895830156;45,69067067678465
;;Vénissieux;69259;Commune de Vénissieux;1284;4,877284345520733;45,689304591197775
;;Vénissieux;69259;Commune de Vénissieux;1285;4,865425249667602;45,698357238613916
;;Vénissieux;69259;Commune de Vénissieux;1286;4,857735352232351;45,72820243436078
;;Vénissieux;69259;Commune de Vénissieux;1287;4,877722169611303;45,690278481840714
;;Vénissieux;69259;Commune de Vénissieux;1288;4,880359994919804;45,69138193676474
;;Vénissieux;69259;Commune de Vénissieux;1289;4,883601203007487;45,704289833138475
;;Collonges-au-Mont-d'Or;69063;Open Street Map;1290;4,844367400000002;45,81496680001722
;;Vénissieux;69259;Commune de Vénissieux;1291;4,878799313049259;45,68922694211432
;;Vénissieux;69259;Commune de Vénissieux;1292;4,8776294766378685;45,689098756216836
;;Vénissieux;69259;Commune de Vénissieux;1293;4,880135242213621;45,691454058672505
;;Vénissieux;69259;Commune de Vénissieux;1294;4,872523020178108;45,698481248512095
;;Vénissieux;69259;Commune de Vénissieux;1295;4,879906315392195;45,691531451400856
;;Vénissieux;69259;Commune de Vénissieux;1296;4,8790096054271;45,69005336590921
;;Vénissieux;69259;Commune de Vénissieux;1297;4,878311702443115;45,68982065089008
;;Vénissieux;69259;Commune de Vénissieux;1298;4,86508608486228;45,696051899773636
;;Vénissieux;69259;Commune de Vénissieux;1299;4,879010488779276;45,6908371057327
;;Vénissieux;69259;Commune de Vénissieux;1300;4,8783812566230935;45,69030788834842
;;Vénissieux;69259;Commune de Vénissieux;1301;4,880012464886806;45,690771064224236
;;Vénissieux;69259;Commune de Vénissieux;1302;4,878260671748063;45,69512351053887
;;Vénissieux;69259;Commune de Vénissieux;1303;4,8590384468772285;45,7253793039186
;;Vénissieux;69259;Commune de Vénissieux;1304;4,878121759404587;45,68994561066535
;;Vénissieux;69259;Commune de Vénissieux;1305;4,8666053048973215;45,72218731649001
;;Vénissieux;69259;Commune de Vénissieux;1306;4,879559884847582;45,69164552161212
;;Vénissieux;69259;Commune de Vénissieux;1307;4,877656712726131;45,689178589459004
;;Vénissieux;69259;Commune de Vénissieux;1308;4,884870797676073;45,70294099499577
;;Lyon 8e Arrondissement;69388;Open Street Map;1309;4,877901500000001;45,73851630001744
;;Vénissieux;69259;Commune de Vénissieux;1310;4,878943793792343;45,690731366973914
;;Vénissieux;69259;Commune de Vénissieux;1311;4,878712894732229;45,69092531597463
;;Vénissieux;69259;Commune de Vénissieux;1312;4,878431908239047;45,68949204017829
;;Vénissieux;69259;Commune de Vénissieux;1314;4,879984306306234;45,69032104143291
;;Corbas;69273;Open Street Map;1315;4,901109600000001;45,67358620001762
G201719;2021;Lyon 7e Arrondissement;69387;Métropole de Lyon;1316;4,8366493664883325;45,73770092041628
G201739;;Lyon 7e Arrondissement;69387;Métropole de Lyon;1317;4,834378069746852;45,73815356893135
;;Lyon 3e Arrondissement;69383;Open Street Map;1318;4,862283100000002;45,75620350001739
G11324;;Lyon 3e Arrondissement;69383;Métropole de Lyon;1319;4,879212627241639;45,743550147317954
G201787;;Lyon 7e Arrondissement;69387;Métropole de Lyon;1320;4,838500174128946;45,747917321947675
;;Décines-Charpieu;69275;Open Street Map;1321;4,9668966;45,77540470001732
;;Lyon 3e Arrondissement;69383;Open Street Map;1322;4,8409113;45,75830990001738
G201700;;Villeurbanne;69266;Métropole de Lyon;1323;4,889039859236075;45,75931005301442
;;Villeurbanne;69266;Open Street Map;1325;4,8708363000000015;45,770761000017345
;;Collonges-au-Mont-d'Or;69063;Open Street Map;1327;4,8404713;45,829078700017156
;;Collonges-au-Mont-d'Or;69063;Open Street Map;1328;4,840542400000002;45,82909080001718
;;Villeurbanne;69266;Open Street Map;1329;4,873214200000001;45,77216840001734
;;Lyon 7e Arrondissement;69387;Commune de Lyon 7e Arrondissement;1331;4,8225988882876525;45,73107170023497
;;Lyon 5e Arrondissement;69385;Commune de Lyon 5e Arrondissement;1332;4,827538922419509;45,766537320017726
;;Lyon 4e Arrondissement;69384;Commune de Lyon 4e Arrondissement;1333;4,810663671571111;45,778215939033075
;;Lyon 3e Arrondissement;69383;Commune de Lyon 3e Arrondissement;1334;4,841024787091388;45,758920571108064
;;Lyon 3e Arrondissement;69383;Commune de Lyon 3e Arrondissement;1335;4,87231972196693;45,748105750714544
;;Lyon 1er Arrondissement;69381;Commune de Lyon 1er Arrondissement;1336;4,82380526255546;45,769006210860205
;;Lyon 3e Arrondissement;69383;Commune de Lyon 3e Arrondissement;1337;4,867012399277887;45,75341504904588
;;Lyon 8e Arrondissement;69388;Commune de Lyon 8e Arrondissement;1338;4,852380634801191;45,72642268948534
;;Lyon 5e Arrondissement;69385;Commune de Lyon 5e Arrondissement;1339;4,827442797185952;45,76264862729094
;;Lyon 7e Arrondissement;69387;Commune de Lyon 7e Arrondissement;1340;4,839200574108591;45,755493855766105
;;Lyon 3e Arrondissement;69383;Commune de Lyon 3e Arrondissement;1341;4,851726636046385;45,75711550255179
;;Lyon 7e Arrondissement;69387;Commune de Lyon 7e Arrondissement;1342;4,836289113135268;45,75129607756875
;;Lyon 2e Arrondissement;69382;Commune de Lyon 2e Arrondissement;1343;4,8158172937280606;45,744883945567814
;;Lyon 2e Arrondissement;69382;Commune de Lyon 2e Arrondissement;1344;4,817426032734949;45,744153357950026
;;Lyon 3e Arrondissement;69383;Commune de Lyon 3e Arrondissement;1345;4,8481306755835485;45,757040053156544
;;Lyon 3e Arrondissement;69383;Commune de Lyon 3e Arrondissement;1346;4,8950248338608935;45,74882013668887
;;Lyon 5e Arrondissement;69385;Commune de Lyon 5e Arrondissement;1347;4,800612742426846;45,756661388439824
;;Lyon 2e Arrondissement;69382;Commune de Lyon 2e Arrondissement;1348;4,830637678004317;45,75731136554558
;;Lyon 4e Arrondissement;69384;Commune de Lyon 4e Arrondissement;1349;4,816414877932763;45,77824075508452
;;Lyon 5e Arrondissement;69385;Commune de Lyon 5e Arrondissement;1350;4,826608263893875;45,761012565738476
;;Lyon 4e Arrondissement;69384;Commune de Lyon 4e Arrondissement;1351;4,8344435266603645;45,77475948795014
;;Lyon 9e Arrondissement;69389;Commune de Lyon 9e Arrondissement;1352;4,793416450487994;45,777877384815845
;;Lyon 9e Arrondissement;69389;Commune de Lyon 9e Arrondissement;1353;4,794424760072762;45,77260036963452
;;Lyon 8e Arrondissement;69388;Commune de Lyon 8e Arrondissement;1354;4,853298509405211;45,73626357250485
;;Lyon 7e Arrondissement;69387;Commune de Lyon 7e Arrondissement;1355;4,834491813030059;45,743416673266054
;;Lyon 3e Arrondissement;69383;Commune de Lyon 3e Arrondissement;1356;4,8939005150363215;45,747289449094396
;;Lyon 1er Arrondissement;69381;Commune de Lyon 1er Arrondissement;1357;4,821214265033605;45,77156325317238
;;Lyon 8e Arrondissement;69388;Commune de Lyon 8e Arrondissement;1358;4,882418621803054;45,74019337455079
;;Lyon 7e Arrondissement;69387;Commune de Lyon 7e Arrondissement;1359;4,847309998602404;45,74506389073543
;;Lyon 7e Arrondissement;69387;Commune de Lyon 7e Arrondissement;1360;4,8218401369218435;45,724155868741754
;;Lyon 3e Arrondissement;69383;Commune de Lyon 3e Arrondissement;1361;4,871451622770439;45,74770107253284
;;Lyon 2e Arrondissement;69382;Commune de Lyon 2e Arrondissement;1362;4,836063172088785;45,759082024777655
;;Lyon 8e Arrondissement;69388;Commune de Lyon 8e Arrondissement;1363;4,883369356224679;45,73256328410998
;;Lyon 7e Arrondissement;69387;Commune de Lyon 7e Arrondissement;1364;4,837304306593146;45,72668287768542
;;Lyon 5e Arrondissement;69385;Commune de Lyon 5e Arrondissement;1365;4,828283067142855;45,76237637276791
;;Lyon 2e Arrondissement;69382;Commune de Lyon 2e Arrondissement;1366;4,815033616552491;45,74342123716396
;;Lyon 7e Arrondissement;69387;Commune de Lyon 7e Arrondissement;1367;4,832408794299274;45,735829329822145
;;Lyon 7e Arrondissement;69387;Commune de Lyon 7e Arrondissement;1368;4,82345826997562;45,72843814498391
;;Lyon 1er Arrondissement;69381;Commune de Lyon 1er Arrondissement;1369;4,825900631365422;45,77177489936765
;;Lyon 5e Arrondissement;69385;Commune de Lyon 5e Arrondissement;1370;4,826131050414555;45,75806402771219
;;Lyon 5e Arrondissement;69385;Commune de Lyon 5e Arrondissement;1371;4,82845920470001;45,76442558349943
;;Lyon 4e Arrondissement;69384;Commune de Lyon 4e Arrondissement;1372;4,820266635058131;45,779380921577314
;;Lyon 8e Arrondissement;69388;Commune de Lyon 8e Arrondissement;1373;4,876467456063966;45,72859470854143
;;Lyon 7e Arrondissement;69387;Commune de Lyon 7e Arrondissement;1374;4,834687457817159;45,7396043701226
;;Lyon 4e Arrondissement;69384;Commune de Lyon 4e Arrondissement;1375;4,81069120127511;45,77641203712412
;;Lyon 6e Arrondissement;69386;Commune de Lyon 6e Arrondissement;1376;4,851401525761495;45,7774528696563
;;Lyon 7e Arrondissement;69387;Commune de Lyon 7e Arrondissement;1377;4,823387597778578;45,72519569618489
;;Lyon 7e Arrondissement;69387;Commune de Lyon 7e Arrondissement;1378;4,822457022979059;45,722082146289516
;;Lyon 7e Arrondissement;69387;Commune de Lyon 7e Arrondissement;1379;4,853888206439654;45,74630392931218
;;Lyon 2e Arrondissement;69382;Commune de Lyon 2e Arrondissement;1380;4,822041590172512;45,75036766565857
;;Lyon 7e Arrondissement;69387;Commune de Lyon 7e Arrondissement;1381;4,8545834538791155;45,74713997019348
;;Lyon 6e Arrondissement;69386;Commune de Lyon 6e Arrondissement;1382;4,852318773684746;45,76644568686448
;;Lyon 6e Arrondissement;69386;Commune de Lyon 6e Arrondissement;1383;4,867313036488474;45,76512798483446
;;Lyon 3e Arrondissement;69383;Commune de Lyon 3e Arrondissement;1384;4,849563300629363;45,7532547588821
;;Lyon 3e Arrondissement;69383;Commune de Lyon 3e Arrondissement;1385;4,868537744787942;45,75815259935051
;;Lyon 4e Arrondissement;69384;Commune de Lyon 4e Arrondissement;1386;4,825309519490703;45,783820745280224
;;Lyon 3e Arrondissement;69383;Commune de Lyon 3e Arrondissement;1387;4,839998438865923;45,7565361874159
;;Lyon 6e Arrondissement;69386;Commune de Lyon 6e Arrondissement;1388;4,8504551283403705;45,775268786518254
;;Lyon 3e Arrondissement;69383;Commune de Lyon 3e Arrondissement;1389;4,848335304243896;45,75817021871694
;;Lyon 6e Arrondissement;69386;Commune de Lyon 6e Arrondissement;1390;4,856648421488162;45,77939694602069
;;Lyon 7e Arrondissement;69387;Commune de Lyon 7e Arrondissement;1391;4,825548763008789;45,72222811931873
;;Lyon 2e Arrondissement;69382;Commune de Lyon 2e Arrondissement;1392;4,825776837759648;45,754327437703786
;;Lyon 7e Arrondissement;69387;Commune de Lyon 7e Arrondissement;1393;4,847414845058252;45,75145200119081
;;Lyon 4e Arrondissement;69384;Commune de Lyon 4e Arrondissement;1394;4,8163208654726235;45,77788207008506
;;Lyon 7e Arrondissement;69387;Commune de Lyon 7e Arrondissement;1395;4,826105679538552;45,73662904379659
;;Lyon 8e Arrondissement;69388;Commune de Lyon 8e Arrondissement;1396;4,86457173284333;45,73106522705954
;;Lyon 5e Arrondissement;69385;Commune de Lyon 5e Arrondissement;1397;4,790942650337821;45,75980071073
;;Lyon 2e Arrondissement;69382;Commune de Lyon 2e Arrondissement;1398;4,818087472608469;45,73137527327464
;;Lyon 3e Arrondissement;69383;Commune de Lyon 3e Arrondissement;1399;4,871154968973333;45,759673408853395
;;Lyon 7e Arrondissement;69387;Commune de Lyon 7e Arrondissement;1400;4,85329804693987;45,74961898228627
;;Lyon 2e Arrondissement;69382;Commune de Lyon 2e Arrondissement;1401;4,820048065264592;45,74552652790466
;;Lyon 5e Arrondissement;69385;Commune de Lyon 5e Arrondissement;1402;4,782461721647712;45,75246722953719
;;Lyon 6e Arrondissement;69386;Commune de Lyon 6e Arrondissement;1403;4,8568361856453315;45,780905292918625
;;Lyon 3e Arrondissement;69383;Commune de Lyon 3e Arrondissement;1404;4,87686140656073;45,748545017328574
;;Lyon 8e Arrondissement;69388;Commune de Lyon 8e Arrondissement;1405;4,8656031952715475;45,72945498445862
;;Lyon 9e Arrondissement;69389;Commune de Lyon 9e Arrondissement;1406;4,832169445082692;45,79930458366108
;;Lyon 3e Arrondissement;69383;Commune de Lyon 3e Arrondissement;1407;4,863211281224057;45,75325794406465
;;Lyon 1er Arrondissement;69381;Commune de Lyon 1er Arrondissement;1408;4,819182702871377;45,76861449614415
;;Lyon 9e Arrondissement;69389;Commune de Lyon 9e Arrondissement;1409;4,812645556854247;45,78628729035295
;;Lyon 2e Arrondissement;69382;Commune de Lyon 2e Arrondissement;1410;4,824520912085613;45,74514130033163
;;Lyon 8e Arrondissement;69388;Commune de Lyon 8e Arrondissement;1411;4,859276697348116;45,740767834911644
;;Lyon 7e Arrondissement;69387;Commune de Lyon 7e Arrondissement;1412;4,843109444913423;45,75201775470427
;;Lyon 5e Arrondissement;69385;Commune de Lyon 5e Arrondissement;1413;4,824041988814272;45,75886514451996
;;Lyon 6e Arrondissement;69386;Commune de Lyon 6e Arrondissement;1414;4,854009812827268;45,776897844622184
;;Lyon 7e Arrondissement;69387;Commune de Lyon 7e Arrondissement;1415;4,842654663351293;45,75194997053113
;;Lyon 7e Arrondissement;69387;Commune de Lyon 7e Arrondissement;1416;4,829920691566286;45,73039429507621
;;Lyon 9e Arrondissement;69389;Commune de Lyon 9e Arrondissement;1417;4,794918783542125;45,787505382522475
;;Lyon 7e Arrondissement;69387;Commune de Lyon 7e Arrondissement;1418;4,836310736012204;45,732394184793115
;;Lyon 6e Arrondissement;69386;Commune de Lyon 6e Arrondissement;1419;4,845783000191719;45,77717350455271
;;Lyon 8e Arrondissement;69388;Commune de Lyon 8e Arrondissement;1420;4,852694672912921;45,72569827070059
;;Lyon 3e Arrondissement;69383;Commune de Lyon 3e Arrondissement;1421;4,86196958320213;45,75353928312655
;;Lyon 8e Arrondissement;69388;Commune de Lyon 8e Arrondissement;1422;4,880723196830274;45,7337909498038
;;Lyon 8e Arrondissement;69388;Commune de Lyon 8e Arrondissement;1423;4,879357187807019;45,73771743105872
;;Lyon 6e Arrondissement;69386;Commune de Lyon 6e Arrondissement;1424;4,856984327500006;45,778066990230734
;;Lyon 9e Arrondissement;69389;Commune de Lyon 9e Arrondissement;1425;4,816943587625938;45,790135799015445
;;Lyon 9e Arrondissement;69389;Commune de Lyon 9e Arrondissement;1426;4,803179290707804;45,764489203011365
;;Lyon 7e Arrondissement;69387;Commune de Lyon 7e Arrondissement;1427;4,835388885623566;45,74083473644014
;;Lyon 4e Arrondissement;69384;Commune de Lyon 4e Arrondissement;1428;4,816853858494148;45,77622019159124
;;Lyon 8e Arrondissement;69388;Commune de Lyon 8e Arrondissement;1429;4,861163506391072;45,74363623556419
;;Lyon 1er Arrondissement;69381;Commune de Lyon 1er Arrondissement;1430;4,8323073292221;45,771763271753095
;;Lyon 2e Arrondissement;69382;Commune de Lyon 2e Arrondissement;1431;4,824836907296533;45,74777733584481
;;Lyon 7e Arrondissement;69387;Commune de Lyon 7e Arrondissement;1432;4,851804306355878;45,74589164306275
;;Lyon 2e Arrondissement;69382;Commune de Lyon 2e Arrondissement;1433;4,82060718031755;45,745571670816474
;;Lyon 8e Arrondissement;69388;Commune de Lyon 8e Arrondissement;1434;4,8828143470221885;45,733427382595096
;;Lyon 7e Arrondissement;69387;Commune de Lyon 7e Arrondissement;1435;4,824905531070488;45,732593089901535
;;Lyon 6e Arrondissement;69386;Commune de Lyon 6e Arrondissement;1436;4,851650359453068;45,7831141032158
;;Lyon 6e Arrondissement;69386;Commune de Lyon 6e Arrondissement;1437;4,856848586730203;45,78248166223157
;;Lyon 8e Arrondissement;69388;Commune de Lyon 8e Arrondissement;1438;4,87540852194293;45,73392615566109
;;Lyon 9e Arrondissement;69389;Commune de Lyon 9e Arrondissement;1439;4,796621171079943;45,763925746752
;;Lyon 3e Arrondissement;69383;Commune de Lyon 3e Arrondissement;1440;4,845995707844549;45,75779520283224
;;Lyon 2e Arrondissement;69382;Commune de Lyon 2e Arrondissement;1441;4,82043825632931;45,749218137363954
;;Lyon 1er Arrondissement;69381;Commune de Lyon 1er Arrondissement;1442;4,83523879643559;45,772889926663446
;;Lyon 3e Arrondissement;69383;Commune de Lyon 3e Arrondissement;1443;4,880662991491898;45,7526731215513
;;Lyon 9e Arrondissement;69389;Commune de Lyon 9e Arrondissement;1444;4,800564316995936;45,76862816090979
;;Lyon 7e Arrondissement;69387;Commune de Lyon 7e Arrondissement;1445;4,824196600413059;45,725598798797726
;;Lyon 6e Arrondissement;69386;Commune de Lyon 6e Arrondissement;1446;4,852715356648538;45,76856508685842
;;Lyon 4e Arrondissement;69384;Commune de Lyon 4e Arrondissement;1447;4,823198259019662;45,774182073016554
;;Lyon 8e Arrondissement;69388;Commune de Lyon 8e Arrondissement;1448;4,884980182864406;45,73233890975311
;;Lyon 4e Arrondissement;69384;Commune de Lyon 4e Arrondissement;1449;4,825834203705813;45,78005106227115
;;Lyon 5e Arrondissement;69385;Commune de Lyon 5e Arrondissement;1450;4,822721757650612;45,760280271816484
;;Lyon 6e Arrondissement;69386;Commune de Lyon 6e Arrondissement;1451;4,853826404721378;45,773627356572426
;;Lyon 8e Arrondissement;69388;Commune de Lyon 8e Arrondissement;1452;4,8842222768683765;45,72898713738948
;;Lyon 9e Arrondissement;69389;Commune de Lyon 9e Arrondissement;1453;4,792124767840818;45,78581410366798
;;Lyon 4e Arrondissement;69384;Commune de Lyon 4e Arrondissement;1454;4,832646819207483;45,777260605679665
;;Lyon 2e Arrondissement;69382;Commune de Lyon 2e Arrondissement;1455;4,827778216211588;45,749396495640354
;;Lyon 3e Arrondissement;69383;Commune de Lyon 3e Arrondissement;1456;4,882237326256757;45,75295174395922
;;Lyon 2e Arrondissement;69382;Commune de Lyon 2e Arrondissement;1457;4,825946694667501;45,749982662319844
;;Lyon 6e Arrondissement;69386;Commune de Lyon 6e Arrondissement;1458;4,85859983544491;45,78197264517485
;;Lyon 9e Arrondissement;69389;Commune de Lyon 9e Arrondissement;1459;4,805520830797257;45,77666925443481
;;Lyon 2e Arrondissement;69382;Commune de Lyon 2e Arrondissement;1460;4,814888029399078;45,742467292909886
;;Lyon 4e Arrondissement;69384;Commune de Lyon 4e Arrondissement;1461;4,825683250801471;45,77458085837766
;;Lyon 4e Arrondissement;69384;Commune de Lyon 4e Arrondissement;1462;4,833232198368842;45,77677245806569
;;Lyon 1er Arrondissement;69381;Commune de Lyon 1er Arrondissement;1463;4,832252372314302;45,77212285954422
;;Lyon 5e Arrondissement;69385;Commune de Lyon 5e Arrondissement;1464;4,78400833329215;45,74964939129359
;;Lyon 9e Arrondissement;69389;Commune de Lyon 9e Arrondissement;1465;4,794972440842408;45,78408774857039
;;Lyon 7e Arrondissement;69387;Commune de Lyon 7e Arrondissement;1466;4,82553337542962;45,72127893425541
;;Lyon 9e Arrondissement;69389;Commune de Lyon 9e Arrondissement;1467;4,806296590614474;45,77165162117515
;;Lyon 6e Arrondissement;69386;Commune de Lyon 6e Arrondissement;1468;4,851592215120001;45,774607850591465
;;Lyon 3e Arrondissement;69383;Commune de Lyon 3e Arrondissement;1469;4,863252337868978;45,76147938524733
;;Lyon 6e Arrondissement;69386;Commune de Lyon 6e Arrondissement;1470;4,8516583771192066;45,773655363953836
;;Lyon 1er Arrondissement;69381;Commune de Lyon 1er Arrondissement;1471;4,8160561482744075;45,767952120148685
;;Lyon 3e Arrondissement;69383;Commune de Lyon 3e Arrondissement;1472;4,863157584867167;45,7601949777909
;;Lyon 7e Arrondissement;69387;Commune de Lyon 7e Arrondissement;1473;4,856459480558832;45,74404882427626
;;Lyon 6e Arrondissement;69386;Commune de Lyon 6e Arrondissement;1474;4,858351779037674;45,78323802186008
;;Lyon 6e Arrondissement;69386;Commune de Lyon 6e Arrondissement;1475;4,857122342356719;45,78125625574443
;;Lyon 7e Arrondissement;69387;Commune de Lyon 7e Arrondissement;1476;4,8397096183550845;45,74706467931961
;;Lyon 2e Arrondissement;69382;Commune de Lyon 2e Arrondissement;1477;4,82749401470641;45,751735171314344
;;Lyon 1er Arrondissement;69381;Commune de Lyon 1er Arrondissement;1478;4,833258146698214;45,77095810152104
;;Lyon 2e Arrondissement;69382;Commune de Lyon 2e Arrondissement;1479;4,8169702896633;45,74344584593584
;;Lyon 9e Arrondissement;69389;Commune de Lyon 9e Arrondissement;1480;4,816461725787431;45,79074154746139
;;Lyon 9e Arrondissement;69389;Commune de Lyon 9e Arrondissement;1481;4,794223130501745;45,783870478838
;;Lyon 7e Arrondissement;69387;Commune de Lyon 7e Arrondissement;1482;4,822106536793107;45,73445478143134
;;Lyon 2e Arrondissement;69382;Commune de Lyon 2e Arrondissement;1483;4,815088020436501;45,74019614953319
;;Lyon 7e Arrondissement;69387;Commune de Lyon 7e Arrondissement;1484;4,831998717166441;45,729571155346726
;;Lyon 6e Arrondissement;69386;Commune de Lyon 6e Arrondissement;1485;4,844997122579376;45,77782643277161
;;Lyon 8e Arrondissement;69388;Commune de Lyon 8e Arrondissement;1486;4,879141893602918;45,734761407382535
;;Lyon 6e Arrondissement;69386;Commune de Lyon 6e Arrondissement;1487;4,850654356796612;45,76463024180966
;;Lyon 7e Arrondissement;69387;Commune de Lyon 7e Arrondissement;1488;4,824455852238417;45,72360514383308
;;Lyon 3e Arrondissement;69383;Commune de Lyon 3e Arrondissement;1489;4,857865048642417;45,75045271589115
;;Lyon 7e Arrondissement;69387;Commune de Lyon 7e Arrondissement;1490;4,824409135054768;45,72073560886376
;;Lyon 2e Arrondissement;69382;Commune de Lyon 2e Arrondissement;1491;4,818829001806975;45,74798444479698
;;Lyon 3e Arrondissement;69383;Commune de Lyon 3e Arrondissement;1492;4,8874785860869085;45,74947842817498
;;Lyon 6e Arrondissement;69386;Commune de Lyon 6e Arrondissement;1493;4,856703010833689;45,7807535241247
;;Lyon 7e Arrondissement;69387;Commune de Lyon 7e Arrondissement;1494;4,856956603725422;45,7432354545132
;;Lyon 7e Arrondissement;69387;Commune de Lyon 7e Arrondissement;1495;4,84463506112275;45,74632505822417
;;Lyon 7e Arrondissement;69387;Commune de Lyon 7e Arrondissement;1496;4,834459232440119;45,73665507327613
;;Lyon 7e Arrondissement;69387;Commune de Lyon 7e Arrondissement;1497;4,832800996998336;45,73705927922787
;;Lyon 1er Arrondissement;69381;Commune de Lyon 1er Arrondissement;1498;4,837833597073695;45,77318366721366
;;Lyon 3e Arrondissement;69383;Commune de Lyon 3e Arrondissement;1499;4,856974453675978;45,75236927595006
;;Lyon 2e Arrondissement;69382;Commune de Lyon 2e Arrondissement;1500;4,8314199093540555;45,76211612847469
;;Lyon 7e Arrondissement;69387;Commune de Lyon 7e Arrondissement;1501;4,823336402106833;45,724290016878534
;;Lyon 8e Arrondissement;69388;Commune de Lyon 8e Arrondissement;1502;4,873558289154383;45,73428201644186
;;Lyon 4e Arrondissement;69384;Commune de Lyon 4e Arrondissement;1503;4,814982392405354;45,775851663274025
;;Lyon 7e Arrondissement;69387;Commune de Lyon 7e Arrondissement;1504;4,821736213778837;45,72293323690809
;;Lyon 8e Arrondissement;69388;Commune de Lyon 8e Arrondissement;1505;4,881249774162605;45,728964443135844
;;Lyon 2e Arrondissement;69382;Commune de Lyon 2e Arrondissement;1506;4,81473448745294;45,74140673342779
;;Lyon 1er Arrondissement;69381;Commune de Lyon 1er Arrondissement;1507;4,820148109641167;45,76772050550224
;;Lyon 8e Arrondissement;69388;Commune de Lyon 8e Arrondissement;1508;4,86335189314973;45,74668687315785
;;Lyon 1er Arrondissement;69381;Commune de Lyon 1er Arrondissement;1509;4,820629822281876;45,76864881518105
;;Lyon 7e Arrondissement;69387;Commune de Lyon 7e Arrondissement;1510;4,822203570654713;45,72055815452818
;;Lyon 7e Arrondissement;69387;Commune de Lyon 7e Arrondissement;1511;4,857312118934801;45,74468112366811
;;Lyon 6e Arrondissement;69386;Commune de Lyon 6e Arrondissement;1512;4,866987640892355;45,76491904322759
;;Lyon 5e Arrondissement;69385;Commune de Lyon 5e Arrondissement;1513;4,782733119386662;45,75351693537616
;;Lyon 1er Arrondissement;69381;Commune de Lyon 1er Arrondissement;1514;4,8268711077556175;45,77304166738809
;;Lyon 4e Arrondissement;69384;Commune de Lyon 4e Arrondissement;1515;4,832286513050955;45,77499476207815
;;Lyon 7e Arrondissement;69387;Commune de Lyon 7e Arrondissement;1516;4,825122416147677;45,72298216155671
;;Lyon 1er Arrondissement;69381;Commune de Lyon 1er Arrondissement;1517;4,834038984680557;45,77068622374899
;;Lyon 1er Arrondissement;69381;Commune de Lyon 1er Arrondissement;1518;4,833833894917676;45,767009711474095
;;Lyon 6e Arrondissement;69386;Commune de Lyon 6e Arrondissement;1519;4,844145422678778;45,77137646535371
;;Lyon 4e Arrondissement;69384;Commune de Lyon 4e Arrondissement;1520;4,82109599328603;45,773316586140396
;;Lyon 5e Arrondissement;69385;Commune de Lyon 5e Arrondissement;1521;4,825365504086487;45,76266604296096
;;Lyon 6e Arrondissement;69386;Commune de Lyon 6e Arrondissement;1522;4,854189893885006;45,77660834325464
;;Lyon 2e Arrondissement;69382;Commune de Lyon 2e Arrondissement;1523;4,824049824798492;45,751242353680034
;;Lyon 9e Arrondissement;69389;Commune de Lyon 9e Arrondissement;1524;4,795772352585136;45,78593301673942
;;Lyon 1er Arrondissement;69381;Commune de Lyon 1er Arrondissement;1525;4,83646032164915;45,77163998374692
;;Lyon 2e Arrondissement;69382;Commune de Lyon 2e Arrondissement;1526;4,817389991518205;45,74638021559962
;;Lyon 3e Arrondissement;69383;Commune de Lyon 3e Arrondissement;1527;4,865349719816757;45,756972327285865
;;Lyon 4e Arrondissement;69384;Commune de Lyon 4e Arrondissement;1528;4,840185523478915;45,77924716432242
;;Lyon 6e Arrondissement;69386;Commune de Lyon 6e Arrondissement;1529;4,8565785183011245;45,773048505432385
;;Lyon 4e Arrondissement;69384;Commune de Lyon 4e Arrondissement;1530;4,824880604186613;45,774103394266916
;;Lyon 7e Arrondissement;69387;Commune de Lyon 7e Arrondissement;1531;4,821281273273777;45,725115423128564
;;Lyon 9e Arrondissement;69389;Commune de Lyon 9e Arrondissement;1532;4,805209442793814;45,773846539686545
;;Lyon 7e Arrondissement;69387;Commune de Lyon 7e Arrondissement;1533;4,849705410939518;45,752795145726544
;;Lyon 5e Arrondissement;69385;Commune de Lyon 5e Arrondissement;1534;4,82158147495225;45,75850138115996
;;Lyon 9e Arrondissement;69389;Commune de Lyon 9e Arrondissement;1535;4,831938204995237;45,797436371315236
;;Lyon 9e Arrondissement;69389;Commune de Lyon 9e Arrondissement;1536;4,801803416433566;45,7725352030474
;;Lyon 5e Arrondissement;69385;Commune de Lyon 5e Arrondissement;1537;4,81570874004893;45,75891312422162
;;Lyon 9e Arrondissement;69389;Commune de Lyon 9e Arrondissement;1538;4,812127335840239;45,786550785071185
;;Lyon 3e Arrondissement;69383;Commune de Lyon 3e Arrondissement;1539;4,864577890793475;45,75099160084051
;;Lyon 6e Arrondissement;69386;Commune de Lyon 6e Arrondissement;1540;4,8569271326871295;45,78427484787008
;;Lyon 8e Arrondissement;69388;Commune de Lyon 8e Arrondissement;1541;4,879336452175853;45,73488266691742
;;Lyon 6e Arrondissement;69386;Commune de Lyon 6e Arrondissement;1542;4,866090640266317;45,76390584586304
;;Lyon 6e Arrondissement;69386;Commune de Lyon 6e Arrondissement;1543;4,8569765509356;45,781940280261786
;;Lyon 8e Arrondissement;69388;Commune de Lyon 8e Arrondissement;1544;4,889578327170629;45,73564790324147
;;Lyon 2e Arrondissement;69382;Commune de Lyon 2e Arrondissement;1545;4,820850038554626;45,74940626818601
;;Lyon 6e Arrondissement;69386;Commune de Lyon 6e Arrondissement;1546;4,853714357603251;45,777902943506646
;;Lyon 5e Arrondissement;69385;Commune de Lyon 5e Arrondissement;1547;4,815132329091353;45,763290205599986
;;Lyon 1er Arrondissement;69381;Commune de Lyon 1er Arrondissement;1548;4,829539859036354;45,76707262582015
;;Lyon 9e Arrondissement;69389;Commune de Lyon 9e Arrondissement;1549;4,809826803614585;45,76959902748208
;;Lyon 9e Arrondissement;69389;Commune de Lyon 9e Arrondissement;1550;4,8213064370503425;45,799265922530765
;;Lyon 4e Arrondissement;69384;Commune de Lyon 4e Arrondissement;1551;4,8318992774886595;45,78050838404025
;;Lyon 9e Arrondissement;69389;Commune de Lyon 9e Arrondissement;1552;4,804095778362647;45,779082461673596
;;Lyon 7e Arrondissement;69387;Commune de Lyon 7e Arrondissement;1553;4,840108091787281;45,75523055223182
;;Lyon 8e Arrondissement;69388;Commune de Lyon 8e Arrondissement;1554;4,850669184701118;45,73473746574568
;;Lyon 5e Arrondissement;69385;Commune de Lyon 5e Arrondissement;1555;4,824875790201757;45,75818326158662
;;Lyon 2e Arrondissement;69382;Commune de Lyon 2e Arrondissement;1556;4,832717241545315;45,75700904755173
;;Lyon 7e Arrondissement;69387;Commune de Lyon 7e Arrondissement;1557;4,850275156571218;45,74821060308084
;;Lyon 1er Arrondissement;69381;Commune de Lyon 1er Arrondissement;1558;4,832199838008477;45,77223963195867
;;Lyon 5e Arrondissement;69385;Commune de Lyon 5e Arrondissement;1559;4,825122267650986;45,757601856322616
;;Lyon 7e Arrondissement;69387;Commune de Lyon 7e Arrondissement;1560;4,832146459823491;45,73499950659068
;;Lyon 3e Arrondissement;69383;Commune de Lyon 3e Arrondissement;1561;4,8774243034140765;45,75030004308362
